amount,type,category,hour,day_of_week,is_weekend,txns_last_24h,amount_last_24h,is_anomaly
67.58,expense,Entertainment,1,1,0,3,52.28,0
99.99,expense,Entertainment,13,0,0,3,118.69,0
147.61,expense,Entertainment,15,2,0,3,144.73,0
147.88,expense,Entertainment,13,1,0,2,171.6,0
94.875,expense,Entertainment,17,6,1,2,189.94,0
47.19,expense,Entertainment,1,6,1,1,169.55,0
214.4,expense,Groceries,17,2,0,3,92.97,0
131.835,expense,Entertainment,17,5,1,0,72.6,0
200.45,expense,Groceries,14,0,0,2,99.95,0
112.16,expense,Transfer,12,0,0,0,96.93,0
39.94,expense,Entertainment,12,0,0,2,149.45,0
5884.52,income,Salary,9,1,0,0,117.05,0
435.36,expense,Transfer,15,2,0,0,43.66,0
66.06,expense,Other,8,1,0,3,78.08,0
349.47,income,Transfer,11,6,1,3,172.0,0
131.47,expense,Groceries,19,3,0,2,18.39,0
121.1,expense,Entertainment,14,1,0,2,2.69,0
29.68,expense,Groceries,19,3,0,1,136.1,0
99.85,expense,Groceries,9,5,1,0,136.57,0
26.42,expense,Groceries,14,5,1,3,144.99,0
18.794999999999998,expense,Entertainment,19,5,1,3,137.51,0
95.73,expense,Entertainment,15,3,0,3,128.3,0
77.55,expense,Entertainment,1,3,0,3,11.74,0
97.59,expense,Entertainment,16,1,0,3,165.79,0
191.07,income,Transfer,10,3,0,1,44.38,0
231.25,expense,Groceries,12,1,0,2,194.52,0
35.51,expense,Other,13,5,1,3,115.66,0
149.56,expense,Groceries,13,1,0,2,198.0,0
57.01,expense,Groceries,14,2,0,3,41.28,0
41.77,expense,Other,22,2,0,0,160.62,0
90.76,expense,Other,16,6,1,2,152.95,0
236.9,expense,Groceries,11,4,0,3,89.89,0
32.26,expense,Groceries,9,3,0,1,190.13,0
2297.78,expense,Rent,16,5,1,1,139.16,0
110.94,expense,Other,10,1,0,1,174.9,0
176.69,expense,Groceries,15,0,0,1,153.93,0
91.785,expense,Entertainment,20,6,1,0,128.81,0
75.77,expense,Entertainment,1,4,0,1,46.46,0
225.53,expense,Groceries,18,0,0,0,190.15,0
1820.97,expense,Rent,17,4,0,1,122.71,0
108.6,expense,Groceries,13,3,0,0,138.81,0
59.34,expense,Entertainment,12,4,0,0,111.72,0
157.88,expense,Groceries,20,6,1,1,85.19,0
209.99,expense,Groceries,19,3,0,2,83.23,0
153.66,expense,Groceries,10,4,0,3,183.53,0
160.995,expense,Entertainment,14,6,1,3,42.73,0
6312.33,income,Salary,16,2,0,2,28.81,0
1755.78,expense,Rent,16,4,0,0,83.83,0
1847.57,expense,Rent,11,6,1,3,175.14,0
234.81,expense,Groceries,11,3,0,0,69.9,0
214.3,expense,Groceries,10,5,1,2,172.06,0
177.92,income,Transfer,10,6,1,3,2.75,0
74.88,expense,Transfer,14,5,1,3,182.31,0
304.06,expense,Transfer,16,0,0,0,192.79,0
4039.69,income,Salary,14,1,0,2,35.9,0
190.31,expense,Groceries,16,4,0,0,115.08,0
53.53,expense,Other,21,2,0,2,68.84,0
412.04,income,Transfer,11,1,0,2,79.09,0
83.4,expense,Entertainment,17,3,0,2,170.12,0
5075.49,income,Salary,16,2,0,1,13.15,0
35.34,expense,Other,21,1,0,1,64.14,0
47.17,expense,Other,15,1,0,1,122.98,0
244.09,expense,Groceries,16,5,1,2,187.5,0
238.85,expense,Groceries,14,4,0,1,136.77,0
67.94,expense,Groceries,8,3,0,3,114.65,0
25.04,expense,Other,15,6,1,0,171.17,0
91.4,expense,Entertainment,20,4,0,0,181.32,0
94.85,expense,Groceries,12,6,1,1,199.86,0
249.37,income,Transfer,9,6,1,2,34.3,0
48.86,expense,Entertainment,14,2,0,0,164.76,0
189.68,expense,Groceries,13,5,1,2,181.24,0
20.39,expense,Groceries,20,2,0,0,28.25,0
196.42,expense,Groceries,19,2,0,1,173.6,0
77.09,expense,Groceries,17,2,0,1,131.62,0
344.3,expense,Transfer,8,6,1,1,178.22,0
267.85,expense,Transfer,15,5,1,0,101.47,0
178.06,expense,Transfer,12,3,0,1,132.68,0
108.47,expense,Entertainment,14,2,0,3,196.74,0
257.17,expense,Transfer,17,4,0,1,5.97,0
374.53,income,Transfer,18,0,0,3,9.77,0
166.86,expense,Groceries,15,5,1,0,31.25,0
1327.24,expense,Rent,15,3,0,0,197.71,0
71.23,expense,Entertainment,0,1,0,2,180.42,0
41.47,expense,Groceries,15,0,0,1,128.59,0
255.28,income,Transfer,11,4,0,2,155.04,0
163.67,expense,Groceries,19,4,0,3,105.65,0
216.12,expense,Groceries,21,4,0,2,22.96,0
19.84,expense,Groceries,16,0,0,2,30.45,0
50.1,expense,Groceries,12,6,1,2,136.27,0
450.86,income,Transfer,9,0,0,3,151.5,0
102.89,expense,Groceries,9,4,0,1,146.95,0
254.16,income,Transfer,13,4,0,0,106.36,0
114.73,expense,Other,14,2,0,3,146.66,0
245.84,income,Transfer,14,3,0,1,175.42,0
487.46,expense,Transfer,12,6,1,0,168.77,0
121.83,expense,Entertainment,21,5,1,0,53.75,0
37.63,income,Transfer,17,4,0,3,71.42,0
55.21,expense,Entertainment,15,1,0,1,166.4,0
272.58,income,Transfer,17,0,0,1,45.16,0
100.41,expense,Groceries,16,5,1,0,173.62,0
84.93,expense,Groceries,19,0,0,2,98.87,0
41.89,expense,Other,19,3,0,3,34.57,0
217.02,expense,Entertainment,16,6,1,2,100.48,0
4720.16,income,Salary,16,0,0,3,54.04,0
37.32,income,Transfer,16,4,0,0,172.72,0
45.81,expense,Other,21,5,1,2,41.73,0
56.34,expense,Groceries,19,0,0,1,11.4,0
1221.14,expense,Rent,17,0,0,3,89.65,0
1315.22,expense,Rent,12,1,0,1,59.22,0
148.67,expense,Entertainment,20,4,0,0,179.81,0
7.47,expense,Other,17,2,0,2,65.18,0
45.05,expense,Other,15,4,0,2,69.06,0
143.86,expense,Groceries,10,1,0,0,8.9,0
362.79,income,Transfer,12,3,0,0,181.23,0
139.99,income,Transfer,10,0,0,2,50.71,0
170.52,expense,Entertainment,23,6,1,2,68.29,0
210.93,expense,Groceries,9,5,1,2,197.01,0
1933.92,expense,Rent,18,2,0,3,30.22,0
99.84,expense,Groceries,10,5,1,2,0.85,0
29.46,expense,Entertainment,14,6,1,1,122.76,0
68.01,expense,Other,10,1,0,2,141.17,0
171.8,expense,Groceries,13,2,0,3,109.54,0
47.78,expense,Other,14,5,1,3,98.54,0
141.74,expense,Transfer,8,3,0,1,115.17,0
142.94,expense,Groceries,19,6,1,3,75.87,0
95.58,expense,Entertainment,23,6,1,0,25.59,0
243.22,expense,Groceries,12,1,0,0,72.41,0
58.56,expense,Groceries,9,0,0,2,123.63,0
149.625,expense,Entertainment,17,5,1,2,51.58,0
142.44,expense,Entertainment,13,1,0,3,183.04,0
133.3,expense,Groceries,11,1,0,2,86.9,0
55.3,expense,Entertainment,20,1,0,2,182.42,0
68.14,expense,Groceries,15,3,0,1,121.03,0
226.1,expense,Groceries,10,5,1,1,21.83,0
94.005,expense,Entertainment,23,5,1,3,176.62,0
438.76,income,Transfer,17,6,1,0,191.32,0
110.31,expense,Groceries,14,2,0,3,123.8,0
39.7,expense,Groceries,9,5,1,3,177.97,0
398.46,expense,Transfer,19,6,1,2,175.23,0
59.85,expense,Groceries,8,6,1,2,49.82,0
24.63,expense,Other,20,0,0,0,28.68,0
219.19,expense,Groceries,17,4,0,0,144.04,0
83.93,expense,Groceries,13,2,0,0,19.61,0
174.94,expense,Groceries,10,0,0,1,50.22,0
111.25,expense,Entertainment,18,0,0,3,175.11,0
21.77,expense,Entertainment,19,2,0,1,97.57,0
59.26,expense,Groceries,20,3,0,2,174.08,0
101.08,expense,Other,11,3,0,2,29.12,0
72.88,expense,Entertainment,17,1,0,1,38.66,0
327.95,expense,Transfer,10,6,1,2,53.7,0
147.74,expense,Groceries,21,1,0,0,39.6,0
21.1,expense,Groceries,11,0,0,2,51.87,0
78.34,expense,Entertainment,23,2,0,2,150.26,0
2218.49,expense,Rent,18,2,0,2,103.3,0
54.73,expense,Other,9,0,0,1,109.69,0
234.45,expense,Groceries,17,0,0,2,12.39,0
78.79,expense,Other,9,4,0,0,29.8,0
13.5,expense,Entertainment,14,4,0,2,118.85,0
26.81,expense,Other,13,5,1,3,184.45,0
109.64,expense,Entertainment,15,3,0,1,13.28,0
385.22,income,Transfer,11,4,0,1,11.55,0
84.15,expense,Transfer,12,6,1,2,194.92,0
122.41,expense,Groceries,19,5,1,2,30.47,0
202.16,expense,Groceries,13,3,0,2,113.2,0
35.35,expense,Groceries,9,1,0,1,191.45,0
88.0,expense,Groceries,8,3,0,3,34.23,0
6352.72,income,Salary,17,0,0,3,69.64,0
1636.45,expense,Rent,14,4,0,0,120.1,0
93.99,expense,Other,19,3,0,2,191.82,0
138.04500000000002,expense,Entertainment,20,6,1,3,160.19,0
146.01,expense,Entertainment,12,1,0,1,119.49,0
143.77,expense,Entertainment,0,0,0,3,178.8,0
235.55,expense,Groceries,14,3,0,2,138.86,0
36.73,expense,Other,17,4,0,0,153.8,0
84.05,expense,Other,15,5,1,1,197.49,0
119.64,expense,Groceries,13,6,1,0,30.9,0
126.74,expense,Groceries,21,6,1,1,58.63,0
282.54,expense,Transfer,10,3,0,2,122.12,0
1368.89,expense,Rent,9,5,1,0,45.38,0
121.76,expense,Entertainment,18,1,0,0,15.1,0
211.91,expense,Groceries,20,4,0,0,93.3,0
3395.27,income,Salary,16,2,0,1,195.69,0
113.72,expense,Groceries,11,2,0,2,198.28,0
92.06,expense,Entertainment,14,2,0,2,100.28,0
4470.9,income,Salary,10,1,0,0,43.64,0
39.14,expense,Groceries,14,3,0,0,10.03,0
130.47,expense,Entertainment,21,2,0,0,154.27,0
5840.2,income,Salary,14,4,0,0,48.94,0
53.45,expense,Groceries,12,4,0,2,31.4,0
12.86,expense,Entertainment,16,1,0,1,80.25,0
17.17,expense,Entertainment,1,3,0,3,112.23,0
2184.63,expense,Rent,15,5,1,0,143.64,0
112.38,expense,Entertainment,15,4,0,0,64.45,0
51.5,expense,Entertainment,17,2,0,3,128.59,0
71.96,expense,Groceries,12,4,0,2,45.11,0
100.88,expense,Groceries,11,6,1,0,89.17,0
81.46,expense,Groceries,18,2,0,0,9.83,0
393.99,expense,Transfer,13,3,0,1,26.88,0
135.41,expense,Entertainment,23,0,0,3,81.91,0
163.22,expense,Transfer,14,3,0,0,81.56,0
29.21,expense,Other,19,4,0,1,135.14,0
137.86,expense,Groceries,11,4,0,2,196.26,0
2468.14,expense,Rent,18,0,0,0,61.57,0
14.19,expense,Entertainment,15,2,0,3,71.55,0
34.7,expense,Groceries,8,6,1,0,10.11,0
397.47,expense,Transfer,13,0,0,2,167.71,0
63.4,expense,Groceries,13,2,0,3,124.93,0
78.92,expense,Groceries,20,4,0,0,4.86,0
126.28,expense,Groceries,14,4,0,2,31.35,0
103.16,expense,Groceries,19,4,0,2,141.62,0
29.46,expense,Other,19,3,0,2,43.01,0
114.56,expense,Entertainment,23,0,0,0,124.59,0
454.04,income,Transfer,19,5,1,0,78.8,0
159.65,expense,Groceries,8,1,0,2,92.85,0
3905.78,income,Salary,9,2,0,3,38.51,0
7193.17,income,Salary,12,2,0,0,11.73,0
240.24,expense,Groceries,20,2,0,3,196.55,0
165.6,expense,Groceries,16,4,0,1,87.69,0
149.4,expense,Groceries,17,1,0,0,0.48,0
415.23,expense,Transfer,15,3,0,2,6.09,0
59.6,expense,Other,15,1,0,2,182.94,0
6872.08,income,Salary,9,4,0,1,184.3,0
37.95,expense,Entertainment,2,3,0,0,178.11,0
69.23,expense,Groceries,21,3,0,2,183.59,0
23.09,expense,Groceries,8,2,0,3,90.4,0
156.75,expense,Entertainment,23,5,1,2,86.26,0
302.93,expense,Transfer,18,1,0,3,87.31,0
31.54,expense,Groceries,16,1,0,3,31.54,0
25.15,expense,Groceries,14,6,1,3,180.18,0
75.45,expense,Groceries,13,0,0,0,183.6,0
10.09,expense,Other,19,3,0,3,43.42,0
17.17,expense,Groceries,11,0,0,0,178.55,0
171.135,expense,Entertainment,12,5,1,3,46.63,0
119.96,expense,Entertainment,22,3,0,0,64.71,0
195.94,expense,Transfer,17,5,1,3,17.8,0
23.6,expense,Entertainment,2,0,0,0,58.53,0
47.61,expense,Groceries,20,1,0,2,164.06,0
73.88,expense,Entertainment,13,2,0,1,79.47,0
431.58,income,Transfer,16,3,0,3,37.35,0
6427.11,income,Salary,17,0,0,1,92.57,0
122.96,expense,Groceries,11,6,1,2,103.03,0
4867.22,income,Salary,9,1,0,1,5.51,0
159.73,expense,Groceries,10,3,0,3,62.05,0
95.51,expense,Entertainment,22,1,0,1,49.17,0
244.61,expense,Groceries,14,5,1,0,127.19,0
116.42,expense,Entertainment,2,4,0,1,139.87,0
112.58,expense,Entertainment,17,1,0,2,108.4,0
146.74,expense,Groceries,10,2,0,0,96.92,0
2499.54,expense,Rent,16,4,0,1,56.09,0
30.91,expense,Groceries,21,5,1,2,93.3,0
5063.41,income,Salary,14,0,0,2,58.07,0
477.63,expense,Transfer,19,6,1,0,26.08,0
21.05,expense,Other,21,0,0,3,181.02,0
1947.88,expense,Rent,14,1,0,0,131.59,0
463.2,income,Transfer,17,3,0,0,191.83,0
213.88,expense,Groceries,10,2,0,3,145.6,0
28.19,expense,Entertainment,19,4,0,3,65.79,0
122.64,expense,Entertainment,19,1,0,0,77.26,0
209.42,expense,Groceries,18,0,0,0,199.62,0
80.24,expense,Entertainment,18,1,0,2,190.09,0
203.64,expense,Entertainment,2,5,1,3,140.46,0
133.1,expense,Entertainment,12,3,0,0,96.33,0
80.13,expense,Groceries,21,4,0,2,175.11,0
24.44,expense,Groceries,20,1,0,2,113.84,0
184.33,expense,Groceries,13,0,0,1,95.2,0
241.37,expense,Groceries,9,0,0,3,50.28,0
49.455,expense,Entertainment,2,5,1,1,143.89,0
135.24,expense,Entertainment,2,5,1,0,22.18,0
24.91,expense,Entertainment,15,3,0,1,136.13,0
41.66,expense,Other,17,6,1,2,46.34,0
2128.97,expense,Rent,10,4,0,1,128.54,0
90.71,expense,Transfer,18,3,0,3,67.57,0
26.82,expense,Entertainment,15,4,0,1,189.62,0
100.21,expense,Transfer,9,5,1,0,30.57,0
6697.67,income,Salary,9,1,0,1,151.25,0
6741.03,income,Salary,10,1,0,1,105.56,0
119.27,expense,Groceries,9,6,1,1,78.39,0
102.15,expense,Entertainment,1,4,0,1,74.0,0
179.11,expense,Groceries,9,0,0,1,48.66,0
78.18,expense,Entertainment,19,0,0,2,95.2,0
63.735,expense,Entertainment,2,6,1,2,25.78,0
62.57,expense,Groceries,21,0,0,3,67.76,0
96.52,expense,Other,14,1,0,3,64.03,0
108.21,expense,Entertainment,22,0,0,1,167.48,0
138.27,expense,Groceries,11,2,0,0,114.62,0
126.26,expense,Groceries,9,0,0,2,187.01,0
149.57,expense,Entertainment,19,0,0,0,157.28,0
63.24,expense,Entertainment,16,2,0,2,192.06,0
93.28,expense,Entertainment,18,4,0,0,17.33,0
103.19,expense,Other,20,2,0,1,96.56,0
69.22,expense,Other,10,1,0,2,162.27,0
94.76,expense,Groceries,10,3,0,3,104.07,0
148.3,expense,Groceries,9,0,0,3,187.17,0
91.39,expense,Entertainment,13,1,0,3,130.65,0
65.16,expense,Entertainment,18,3,0,3,106.32,0
20.87,expense,Entertainment,15,3,0,1,162.37,0
29.12,expense,Entertainment,19,3,0,0,65.03,0
3847.1,income,Salary,9,4,0,3,94.37,0
41.71,expense,Other,11,1,0,3,147.99,0
1917.27,expense,Rent,15,4,0,2,108.48,0
132.34,expense,Groceries,9,6,1,1,63.37,0
43.06,expense,Other,12,6,1,1,108.85,0
43.214999999999996,expense,Entertainment,21,5,1,2,173.01,0
14.87,expense,Other,8,1,0,3,157.64,0
135.97,expense,Groceries,17,4,0,3,192.68,0
165.89999999999998,expense,Entertainment,20,5,1,3,28.99,0
131.06,expense,Groceries,15,2,0,3,121.79,0
234.66,expense,Groceries,20,5,1,1,111.24,0
106.77,expense,Entertainment,13,0,0,0,91.88,0
152.58,expense,Groceries,16,3,0,2,191.19,0
166.755,expense,Entertainment,19,5,1,1,102.98,0
92.21,expense,Groceries,13,3,0,2,157.16,0
2096.97,expense,Rent,10,4,0,1,160.35,0
259.43,expense,Transfer,12,4,0,2,148.7,0
122.87,expense,Groceries,16,3,0,2,21.95,0
48.45,expense,Other,17,3,0,0,180.18,0
82.30499999999999,expense,Entertainment,23,6,1,1,8.98,0
44.64,expense,Groceries,17,1,0,1,10.57,0
80.0,expense,Groceries,18,0,0,2,130.53,0
366.4,income,Transfer,12,2,0,3,116.54,0
19.75,expense,Groceries,17,2,0,0,15.22,0
489.08,expense,Transfer,18,3,0,1,67.08,0
52.02,expense,Transfer,15,2,0,0,170.69,0
190.02,expense,Groceries,19,4,0,1,88.37,0
224.01,expense,Groceries,9,0,0,0,84.32,0
244.79,expense,Groceries,11,5,1,0,49.24,0
124.87,expense,Entertainment,17,4,0,3,75.28,0
110.33,expense,Other,15,0,0,3,14.16,0
4999.51,income,Salary,13,3,0,2,126.36,0
1495.65,expense,Rent,10,5,1,2,13.55,0
45.27,expense,Other,17,3,0,3,156.49,0
7598.05,income,Salary,12,0,0,2,142.89,0
195.01,expense,Transfer,12,1,0,3,14.07,0
193.68,expense,Entertainment,14,6,1,1,111.38,0
40.27,expense,Other,20,0,0,3,142.06,0
91.55,expense,Other,21,3,0,1,103.38,0
101.6,expense,Other,13,1,0,0,128.93,0
6.12,expense,Other,19,1,0,1,135.62,0
95.17,expense,Entertainment,20,4,0,3,9.2,0
32.41,expense,Groceries,16,1,0,0,94.6,0
106.25,expense,Groceries,9,3,0,3,138.74,0
394.0,income,Transfer,18,4,0,1,198.98,0
124.53,expense,Groceries,19,6,1,0,143.99,0
450.53,expense,Transfer,14,6,1,0,134.21,0
202.605,expense,Entertainment,17,6,1,0,15.02,0
25.71,expense,Other,10,2,0,1,48.54,0
95.38,expense,Other,19,4,0,0,27.22,0
70.31,expense,Other,17,3,0,0,132.03,0
35.23,expense,Groceries,20,4,0,1,192.5,0
123.15,expense,Entertainment,15,3,0,0,28.8,0
87.26,expense,Groceries,10,4,0,0,177.85,0
28.95,expense,Entertainment,20,2,0,3,179.28,0
242.84,expense,Groceries,11,4,0,3,129.85,0
1991.26,expense,Rent,12,5,1,2,151.42,0
159.86,expense,Groceries,21,2,0,0,24.71,0
346.21,income,Transfer,18,0,0,0,108.8,0
377.55,income,Transfer,17,6,1,1,2.67,0
25.15,expense,Groceries,21,1,0,2,22.09,0
47.27,expense,Other,11,1,0,2,139.7,0
96.74,expense,Entertainment,15,4,0,3,7.07,0
17.54,expense,Entertainment,0,2,0,2,135.63,0
107.58,expense,Entertainment,16,2,0,0,129.23,0
52.98,expense,Groceries,20,4,0,1,103.09,0
2179.38,expense,Rent,16,4,0,0,140.57,0
17.15,expense,Other,17,5,1,1,155.39,0
86.72,expense,Groceries,12,3,0,1,183.88,0
129.64,expense,Entertainment,22,0,0,1,66.7,0
249.39,expense,Groceries,9,4,0,2,85.87,0
247.06,expense,Groceries,13,2,0,3,69.07,0
55.78,expense,Groceries,12,6,1,3,77.73,0
142.34,expense,Entertainment,16,4,0,0,148.78,0
33.87,expense,Groceries,12,1,0,2,72.92,0
112.43,expense,Other,14,1,0,2,18.4,0
66.83,expense,Entertainment,18,3,0,1,182.32,0
249.27,expense,Transfer,11,0,0,2,66.62,0
117.67,expense,Groceries,8,1,0,1,26.93,0
28.57,expense,Groceries,10,1,0,0,53.13,0
37.875,expense,Entertainment,14,6,1,1,30.91,0
1734.6,expense,Rent,17,3,0,3,192.21,0
2144.03,expense,Rent,15,6,1,0,168.59,0
1457.12,expense,Rent,16,2,0,1,126.58,0
6492.86,income,Salary,10,4,0,2,58.12,0
187.38,expense,Entertainment,19,5,1,1,14.75,0
93.45,expense,Other,19,0,0,1,171.31,0
149.57,expense,Groceries,10,2,0,0,23.35,0
17.16,expense,Groceries,11,1,0,2,161.92,0
125.78,expense,Groceries,14,6,1,1,94.6,0
25.31,expense,Entertainment,16,0,0,2,33.88,0
67.65,income,Transfer,16,6,1,3,4.83,0
37.06,expense,Entertainment,23,0,0,3,120.78,0
10.42,expense,Entertainment,19,3,0,3,93.14,0
96.54,income,Transfer,14,0,0,3,42.53,0
135.81,expense,Groceries,11,2,0,1,61.26,0
74.97,expense,Entertainment,22,2,0,3,134.16,0
81.09,expense,Other,22,6,1,3,127.9,0
103.34,expense,Other,10,6,1,3,91.31,0
105.18,expense,Entertainment,22,0,0,0,19.48,0
2294.88,expense,Rent,16,4,0,0,87.5,0
117.3,expense,Other,9,6,1,3,161.82,0
148.42,expense,Groceries,12,5,1,1,61.39,0
185.43,expense,Groceries,9,2,0,3,68.04,0
160.87,expense,Groceries,10,2,0,1,122.52,0
190.44,expense,Entertainment,0,6,1,3,59.48,0
228.74,expense,Groceries,10,2,0,2,33.83,0
120.78,income,Transfer,11,3,0,1,66.17,0
182.02499999999998,expense,Entertainment,12,6,1,3,121.19,0
33.99,expense,Other,16,4,0,2,128.93,0
42.22,expense,Entertainment,21,3,0,2,70.69,0
80.22,expense,Entertainment,22,2,0,1,26.24,0
141.87,expense,Entertainment,20,2,0,3,44.16,0
3984.82,income,Salary,11,2,0,1,34.56,0
431.13,income,Transfer,20,2,0,0,15.84,0
104.81,expense,Other,20,3,0,2,141.65,0
2289.87,expense,Rent,16,0,0,2,121.25,0
80.37,expense,Groceries,14,1,0,1,12.38,0
138.67,expense,Entertainment,12,2,0,0,118.6,0
145.3,expense,Groceries,16,5,1,3,117.28,0
1619.5,expense,Rent,14,5,1,3,113.6,0
385.24,income,Transfer,16,6,1,0,164.45,0
198.09,expense,Groceries,11,3,0,1,175.98,0
91.73,expense,Entertainment,22,0,0,2,8.06,0
23.78,expense,Other,10,1,0,2,182.65,0
69.96,expense,Other,8,4,0,1,147.15,0
391.45,expense,Transfer,8,3,0,1,158.33,0
82.09,expense,Entertainment,20,1,0,0,37.03,0
22.02,expense,Entertainment,14,1,0,2,86.86,0
113.55,expense,Groceries,12,0,0,1,175.53,0
78.09,expense,Groceries,10,6,1,0,27.01,0
118.15,expense,Groceries,17,1,0,2,115.36,0
85.36,expense,Other,16,3,0,3,188.49,0
197.85,expense,Groceries,15,6,1,1,4.98,0
68.53,expense,Groceries,16,1,0,3,86.86,0
129.12,expense,Groceries,20,3,0,3,19.56,0
1570.96,expense,Rent,16,4,0,3,43.21,0
42.48,expense,Groceries,13,0,0,2,89.79,0
5250.32,income,Salary,13,1,0,2,43.55,0
2430.66,expense,Rent,14,2,0,1,12.68,0
435.35,income,Transfer,16,6,1,0,92.62,0
341.32,expense,Transfer,9,5,1,1,35.88,0
2253.69,expense,Rent,12,4,0,1,56.76,0
75.7,expense,Other,19,3,0,0,112.36,0
39.41,expense,Entertainment,2,0,0,2,16.01,0
177.135,expense,Entertainment,1,5,1,2,62.47,0
63.5,expense,Entertainment,0,4,0,3,170.64,0
226.21,expense,Groceries,9,2,0,1,80.6,0
149.74,expense,Groceries,14,2,0,1,145.05,0
4595.83,income,Salary,14,4,0,1,128.83,0
78.66,expense,Other,10,5,1,0,163.08,0
85.2,expense,Other,10,0,0,0,167.05,0
235.51,expense,Groceries,8,6,1,3,137.76,0
189.45,expense,Entertainment,12,6,1,2,110.68,0
130.91,expense,Groceries,19,6,1,2,177.57,0
63.48,income,Transfer,12,5,1,3,93.29,0
424.67,expense,Transfer,9,4,0,0,140.91,0
48.2,expense,Groceries,12,5,1,0,17.71,0
59.3,expense,Entertainment,22,0,0,2,197.39,0
172.47,expense,Entertainment,23,5,1,3,0.84,0
228.58,income,Transfer,12,1,0,2,73.66,0
165.0,expense,Entertainment,15,5,1,1,48.22,0
407.78,expense,Transfer,13,2,0,0,70.26,0
177.93,expense,Transfer,10,0,0,3,19.49,0
61.73,expense,Groceries,9,2,0,3,194.07,0
137.37,expense,Entertainment,13,4,0,2,96.76,0
210.52,expense,Groceries,21,6,1,3,50.61,0
43.35,expense,Other,16,5,1,1,163.66,0
204.49,expense,Groceries,21,5,1,1,66.89,0
171.56,expense,Groceries,18,2,0,2,95.94,0
175.78,expense,Groceries,15,5,1,0,189.4,0
93.37,expense,Groceries,18,4,0,2,92.76,0
25.78,expense,Groceries,9,2,0,2,188.91,0
83.74,expense,Groceries,11,3,0,3,6.22,0
236.35,expense,Groceries,17,0,0,0,103.28,0
479.12,expense,Transfer,13,0,0,3,75.39,0
143.31,expense,Entertainment,15,0,0,1,163.17,0
85.77,income,Transfer,17,2,0,3,156.2,0
110.565,expense,Entertainment,16,6,1,1,16.07,0
34.46,expense,Transfer,20,4,0,0,137.98,0
481.32,income,Transfer,19,5,1,3,57.93,0
7.58,expense,Other,17,1,0,1,188.77,0
86.64,expense,Entertainment,15,5,1,0,64.81,0
113.77,expense,Other,9,4,0,1,179.08,0
181.85,expense,Groceries,10,1,0,0,52.29,0
31.04,expense,Groceries,14,2,0,1,108.59,0
6699.81,income,Salary,10,2,0,2,192.34,0
115.15,expense,Other,17,0,0,1,147.76,0
3064.8,income,Salary,15,0,0,1,148.88,0
431.96,expense,Transfer,14,6,1,1,141.77,0
162.39,expense,Groceries,20,1,0,0,184.27,0
127.35,expense,Entertainment,18,1,0,0,114.77,0
351.49,expense,Transfer,17,6,1,1,135.95,0
248.83,expense,Groceries,14,5,1,0,86.66,0
6271.25,income,Salary,10,3,0,0,188.22,0
135.51,expense,Entertainment,20,5,1,0,188.28,0
33.58,expense,Groceries,19,6,1,2,18.67,0
220.54,expense,Groceries,14,0,0,0,114.0,0
26.39,expense,Other,16,2,0,3,158.48,0
241.59,expense,Groceries,14,0,0,1,6.74,0
103.02,expense,Other,14,0,0,1,189.62,0
124.93,expense,Entertainment,22,2,0,1,143.09,0
120.37,expense,Entertainment,17,0,0,2,128.56,0
79.12,expense,Groceries,21,1,0,0,4.95,0
33.62,expense,Groceries,15,2,0,0,81.74,0
2135.05,expense,Rent,17,1,0,2,146.36,0
44.55,expense,Other,13,5,1,0,163.03,0
115.88,expense,Groceries,17,2,0,0,64.82,0
92.22,expense,Entertainment,23,0,0,0,91.18,0
51.84,expense,Other,17,3,0,1,26.74,0
73.71,expense,Entertainment,16,3,0,1,39.42,0
46.84,expense,Other,18,5,1,3,170.77,0
112.12,expense,Groceries,18,3,0,1,178.86,0
232.56,expense,Groceries,18,2,0,3,100.57,0
124.78,expense,Groceries,20,1,0,1,130.99,0
109.52,expense,Groceries,10,2,0,0,159.55,0
7024.83,income,Salary,14,3,0,3,35.01,0
2412.94,expense,Rent,9,0,0,0,45.78,0
175.88,expense,Groceries,21,2,0,3,75.7,0
31.21,income,Transfer,9,5,1,2,45.03,0
183.47,expense,Groceries,16,6,1,1,158.44,0
80.72,expense,Groceries,20,2,0,2,144.86,0
79.08,expense,Other,14,2,0,3,50.82,0
95.54,expense,Entertainment,19,1,0,0,25.37,0
27.5,expense,Groceries,16,3,0,3,9.42,0
68.79,expense,Groceries,9,1,0,1,129.55,0
89.85,expense,Other,11,4,0,3,172.75,0
34.995,expense,Entertainment,18,6,1,0,188.68,0
123.38,expense,Groceries,12,2,0,3,139.33,0
87.57,expense,Groceries,13,0,0,2,34.37,0
205.53000000000003,expense,Entertainment,2,6,1,2,1.78,0
256.42,income,Transfer,14,6,1,3,101.72,0
134.29,expense,Entertainment,17,2,0,2,125.64,0
19.57,expense,Other,19,1,0,2,71.22,0
6146.81,income,Salary,15,2,0,0,54.12,0
431.43,expense,Transfer,20,3,0,1,144.35,0
186.58,expense,Groceries,10,0,0,1,59.13,0
91.01,expense,Other,10,1,0,3,37.16,0
42.51,expense,Entertainment,19,3,0,1,71.7,0
179.15,expense,Groceries,17,1,0,2,165.21,0
2142.19,expense,Rent,13,2,0,1,31.46,0
126.72,income,Transfer,12,4,0,1,100.15,0
38.59,expense,Entertainment,22,2,0,0,10.11,0
85.38,expense,Other,19,2,0,2,197.39,0
67.34,expense,Groceries,10,3,0,3,17.42,0
238.77,expense,Groceries,12,3,0,3,70.55,0
101.74,expense,Other,10,6,1,2,164.67,0
99.06,expense,Groceries,9,1,0,3,173.76,0
78.21,expense,Other,10,3,0,2,103.28,0
263.99,expense,Transfer,13,1,0,3,128.31,0
85.0,expense,Other,17,1,0,3,16.12,0
4334.13,income,Salary,17,0,0,1,51.93,0
140.09,expense,Transfer,9,3,0,3,175.44,0
166.16,expense,Groceries,15,0,0,0,16.45,0
67.29,expense,Entertainment,23,1,0,2,182.61,0
87.42,expense,Entertainment,18,1,0,2,64.59,0
160.01,expense,Transfer,14,3,0,2,183.9,0
1278.02,expense,Rent,9,6,1,0,153.64,0
92.26,expense,Groceries,11,3,0,0,139.08,0
201.89,expense,Groceries,21,6,1,2,31.15,0
135.7,expense,Transfer,18,2,0,3,26.09,0
3073.82,income,Salary,13,2,0,1,6.39,0
156.52499999999998,expense,Entertainment,1,5,1,2,97.01,0
105.35,expense,Entertainment,0,0,0,0,115.53,0
211.56,expense,Entertainment,17,6,1,1,86.74,0
2352.0,expense,Rent,17,2,0,0,181.41,0
96.92,expense,Groceries,18,1,0,3,116.37,0
114.06,expense,Groceries,9,5,1,1,56.23,0
93.56,expense,Groceries,14,5,1,0,15.75,0
5812.13,income,Salary,13,1,0,1,33.74,0
45.42,expense,Entertainment,12,5,1,2,81.74,0
127.23,expense,Transfer,8,2,0,1,77.59,0
204.03,expense,Groceries,20,6,1,0,160.4,0
47.95,expense,Groceries,20,2,0,2,100.81,0
98.28,expense,Groceries,14,1,0,0,28.69,0
93.4,expense,Entertainment,19,1,0,1,81.67,0
143.52,expense,Groceries,18,3,0,3,116.76,0
70.93,expense,Entertainment,15,3,0,1,160.26,0
154.07,expense,Groceries,18,0,0,0,89.47,0
96.22,expense,Other,12,2,0,0,77.54,0
193.66,expense,Transfer,14,6,1,1,164.81,0
214.42,expense,Groceries,17,4,0,1,59.3,0
1664.2,expense,Rent,15,4,0,2,191.37,0
17.53,expense,Other,22,3,0,1,25.14,0
165.12,expense,Entertainment,19,6,1,0,148.1,0
23.11,expense,Other,9,4,0,2,148.25,0
111.99,expense,Groceries,19,3,0,3,138.14,0
136.41,expense,Groceries,9,1,0,3,184.75,0
38.7,expense,Other,12,0,0,2,120.06,0
6.47,expense,Other,14,4,0,1,155.27,0
392.23,income,Transfer,19,2,0,3,17.28,0
93.51,expense,Entertainment,13,2,0,3,139.17,0
66.2,expense,Entertainment,23,2,0,2,41.29,0
16.34,expense,Entertainment,19,4,0,0,1.34,0
104.57,expense,Other,11,1,0,0,56.75,0
155.34,expense,Groceries,9,1,0,2,116.28,0
175.3,expense,Transfer,18,4,0,1,137.65,0
246.68,income,Transfer,14,0,0,0,116.38,0
149.31,expense,Groceries,15,3,0,2,99.79,0
63.48,expense,Entertainment,23,1,0,0,170.38,0
48.22,expense,Entertainment,23,0,0,0,99.04,0
223.06,expense,Groceries,11,5,1,2,31.02,0
7139.99,income,Salary,10,2,0,0,121.49,0
115.48499999999999,expense,Entertainment,23,6,1,0,156.38,0
130.86,expense,Groceries,9,5,1,0,50.72,0
321.98,expense,Transfer,8,0,0,0,36.52,0
5658.02,income,Salary,15,0,0,0,195.35,0
92.8,expense,Entertainment,23,4,0,3,48.54,0
227.63,expense,Groceries,19,2,0,0,76.61,0
108.47,expense,Groceries,18,2,0,0,143.52,0
45.76,expense,Groceries,19,5,1,0,129.29,0
67.05,expense,Groceries,20,5,1,3,90.74,0
64.245,expense,Entertainment,15,6,1,3,138.69,0
25.05,expense,Entertainment,14,0,0,2,51.63,0
116.31,expense,Entertainment,17,4,0,0,26.2,0
4621.32,income,Salary,14,1,0,1,45.02,0
7076.68,income,Salary,9,1,0,0,135.29,0
240.05,expense,Groceries,17,2,0,3,187.37,0
1642.35,expense,Rent,15,3,0,3,106.84,0
237.52,expense,Groceries,11,0,0,2,96.28,0
182.16,income,Transfer,18,1,0,2,128.6,0
81.73,expense,Groceries,8,4,0,3,59.31,0
107.8,expense,Groceries,20,5,1,0,133.14,0
193.68,expense,Entertainment,14,5,1,3,117.26,0
34.04,expense,Other,9,6,1,0,118.4,0
190.75,expense,Groceries,10,6,1,3,110.0,0
19.93,expense,Groceries,18,5,1,0,16.73,0
342.29,expense,Transfer,12,4,0,2,85.94,0
44.25,expense,Groceries,17,6,1,0,77.08,0
117.83,expense,Entertainment,1,1,0,3,132.51,0
67.36,expense,Groceries,14,5,1,2,100.54,0
63.37,expense,Other,19,2,0,2,72.56,0
23.7,expense,Groceries,20,1,0,3,92.8,0
227.94,income,Transfer,10,6,1,2,143.74,0
196.02,expense,Transfer,18,1,0,3,7.46,0
107.36,income,Transfer,19,6,1,0,140.72,0
74.43,expense,Other,21,1,0,3,143.36,0
108.32,expense,Other,12,0,0,3,166.24,0
203.64,expense,Groceries,19,1,0,1,26.49,0
94.33,expense,Other,15,0,0,0,8.7,0
136.34,income,Transfer,13,4,0,2,71.33,0
196.77,expense,Groceries,14,3,0,2,163.73,0
179.65,expense,Groceries,9,4,0,3,126.86,0
22.28,expense,Other,19,6,1,0,103.78,0
99.01,expense,Entertainment,0,1,0,3,15.32,0
109.55,expense,Entertainment,2,1,0,2,33.47,0
115.57,expense,Other,18,3,0,0,162.03,0
411.98,income,Transfer,11,2,0,2,35.26,0
111.25,expense,Groceries,12,0,0,3,84.95,0
6514.06,income,Salary,15,4,0,1,66.73,0
132.68,expense,Groceries,18,5,1,1,53.1,0
465.97,income,Transfer,10,1,0,0,91.89,0
102.59,expense,Entertainment,16,4,0,2,108.79,0
103.17,expense,Entertainment,2,3,0,0,183.02,0
135.83,expense,Groceries,13,5,1,2,93.89,0
97.33,expense,Groceries,8,6,1,3,130.93,0
174.91,income,Transfer,14,0,0,0,138.49,0
233.08,expense,Groceries,21,5,1,0,1.78,0
48.03,expense,Other,22,2,0,1,171.6,0
94.78,income,Transfer,14,1,0,2,116.17,0
87.61,expense,Groceries,13,3,0,0,5.69,0
31.17,expense,Groceries,8,0,0,2,119.72,0
76.76,expense,Entertainment,14,0,0,1,136.52,0
166.21,expense,Transfer,20,3,0,2,79.57,0
138.78,expense,Groceries,12,2,0,3,158.24,0
66.8,expense,Other,14,4,0,1,111.23,0
59.48,expense,Other,19,1,0,2,109.06,0
142.38,expense,Groceries,8,0,0,3,121.36,0
32.06,expense,Groceries,17,0,0,0,105.01,0
97.83,expense,Groceries,9,1,0,0,35.52,0
209.895,expense,Entertainment,16,5,1,1,9.66,0
95.48,expense,Entertainment,14,0,0,0,103.95,0
8.22,expense,Other,15,2,0,1,50.15,0
425.54,expense,Transfer,14,5,1,1,52.56,0
109.49,expense,Other,16,4,0,3,29.47,0
152.17,expense,Groceries,15,5,1,3,30.35,0
56.28,expense,Other,21,6,1,1,88.01,0
136.36,expense,Entertainment,14,3,0,2,137.18,0
34.39,expense,Other,14,6,1,3,76.13,0
141.75,expense,Groceries,10,0,0,1,102.54,0
49.32000000000001,expense,Entertainment,14,5,1,1,156.96,0
441.79,income,Transfer,9,5,1,1,22.39,0
186.11,expense,Groceries,17,3,0,3,164.25,0
4776.9,income,Salary,13,1,0,3,178.37,0
105.09,expense,Entertainment,12,3,0,0,99.2,0
121.065,expense,Entertainment,2,6,1,3,43.7,0
131.24,expense,Entertainment,13,1,0,2,181.28,0
31.37,expense,Groceries,14,4,0,1,196.5,0
82.74,expense,Entertainment,14,4,0,2,31.82,0
77.18,expense,Entertainment,1,1,0,3,51.05,0
92.2,expense,Groceries,18,5,1,0,117.4,0
157.67,expense,Groceries,15,3,0,0,8.5,0
76.1,expense,Other,8,3,0,0,96.24,0
215.44,expense,Groceries,10,5,1,3,137.84,0
211.46999999999997,expense,Entertainment,12,5,1,3,106.71,0
241.6,expense,Groceries,13,1,0,2,41.99,0
56.09,expense,Groceries,9,2,0,1,29.87,0
52.11,expense,Groceries,13,2,0,0,182.27,0
113.34,expense,Other,19,0,0,0,98.64,0
194.3,expense,Groceries,16,2,0,2,45.51,0
10.33,expense,Entertainment,18,3,0,1,165.92,0
101.72,expense,Groceries,13,4,0,3,160.59,0
61.48,expense,Transfer,20,0,0,1,37.47,0
314.87,income,Transfer,14,4,0,1,141.7,0
139.38,expense,Entertainment,13,3,0,3,38.04,0
88.94,expense,Transfer,12,1,0,1,37.25,0
126.33,expense,Entertainment,19,3,0,0,0.93,0
2412.72,expense,Rent,18,4,0,0,25.02,0
361.05,expense,Transfer,15,5,1,2,194.04,0
106.51,expense,Groceries,14,2,0,1,67.21,0
117.83,expense,Entertainment,1,2,0,2,154.13,0
227.35,expense,Groceries,16,6,1,0,96.57,0
388.9,income,Transfer,12,5,1,1,19.01,0
438.22,income,Transfer,20,0,0,3,17.24,0
5.86,expense,Other,19,4,0,3,26.13,0
112.24,expense,Groceries,9,0,0,1,24.64,0
31.305,expense,Entertainment,15,6,1,3,57.49,0
102.78,expense,Other,11,0,0,2,70.93,0
4287.9,income,Salary,9,3,0,1,173.0,0
148.37,expense,Groceries,13,0,0,2,70.65,0
85.46,expense,Entertainment,2,1,0,3,34.21,0
165.05,expense,Groceries,21,6,1,0,47.6,0
68.72,expense,Other,16,2,0,3,139.42,0
174.36,expense,Groceries,8,1,0,3,65.97,0
130.09,expense,Groceries,8,5,1,3,9.03,0
36.26,expense,Groceries,15,0,0,0,53.74,0
50.61,expense,Other,19,3,0,0,85.28,0
45.48,expense,Groceries,19,2,0,1,178.3,0
150.48,expense,Groceries,10,5,1,1,183.13,0
2241.53,expense,Rent,15,4,0,3,42.22,0
50.77,expense,Other,20,1,0,2,10.98,0
120.07,expense,Groceries,11,2,0,2,32.76,0
42.92,expense,Entertainment,0,4,0,0,52.2,0
112.82,income,Transfer,15,3,0,0,166.82,0
235.71,expense,Transfer,9,6,1,1,7.13,0
177.28,expense,Groceries,21,3,0,1,87.3,0
197.65,expense,Groceries,18,3,0,1,80.29,0
89.93,expense,Transfer,10,3,0,0,68.04,0
106.995,expense,Entertainment,15,5,1,3,26.46,0
150.0,expense,Transfer,17,5,1,0,10.09,0
128.46,expense,Groceries,15,5,1,2,189.82,0
83.0,expense,Groceries,21,1,0,2,32.14,0
15.585,expense,Entertainment,18,6,1,1,123.65,0
377.12,expense,Transfer,20,2,0,1,153.09,0
88.25,expense,Entertainment,15,3,0,2,32.35,0
88.49,expense,Other,21,5,1,0,80.79,0
245.42,expense,Groceries,8,5,1,3,148.66,0
99.15,expense,Groceries,16,4,0,1,187.04,0
423.01,expense,Transfer,14,2,0,3,95.67,0
6318.76,income,Salary,13,2,0,3,122.44,0
22.75,expense,Other,20,2,0,1,185.37,0
151.58,expense,Transfer,14,2,0,2,87.9,0
117.38,expense,Transfer,18,2,0,3,73.21,0
15.47,expense,Groceries,18,1,0,0,100.52,0
104.55,expense,Groceries,14,0,0,2,141.72,0
139.26,expense,Groceries,19,2,0,3,39.2,0
7410.24,income,Salary,9,3,0,0,79.41,0
244.51,income,Transfer,14,4,0,0,168.02,0
70.84,expense,Groceries,13,0,0,0,140.77,0
92.19,expense,Entertainment,17,5,1,2,114.9,0
118.215,expense,Entertainment,12,6,1,1,95.78,0
245.14,expense,Groceries,13,4,0,0,41.29,0
213.76,expense,Groceries,13,5,1,3,194.11,0
109.87,expense,Groceries,10,2,0,2,84.56,0
25.5,expense,Groceries,11,2,0,2,164.56,0
53.21,expense,Other,18,5,1,3,95.88,0
164.03,expense,Groceries,12,5,1,3,131.78,0
208.46,expense,Groceries,19,3,0,1,63.96,0
3955.59,income,Salary,13,1,0,0,182.06,0
22.47,expense,Transfer,20,4,0,1,109.42,0
57.95,expense,Entertainment,2,0,0,0,137.04,0
91.48,expense,Entertainment,21,3,0,3,46.4,0
50.59,expense,Other,11,6,1,1,161.06,0
232.62,expense,Groceries,14,3,0,0,53.05,0
11.44,expense,Other,14,0,0,2,155.18,0
380.09,income,Transfer,18,6,1,1,58.95,0
69.51,expense,Other,18,0,0,1,123.86,0
78.52,expense,Groceries,13,0,0,1,138.57,0
123.62,expense,Entertainment,14,4,0,3,111.23,0
33.27,expense,Entertainment,12,0,0,3,79.13,0
77.71,expense,Entertainment,19,3,0,2,170.05,0
112.96,expense,Entertainment,19,3,0,0,142.62,0
87.07,expense,Entertainment,16,1,0,3,64.28,0
41.205,expense,Entertainment,17,6,1,3,169.68,0
6876.69,income,Salary,13,2,0,1,135.85,0
68.16,expense,Groceries,9,3,0,1,180.72,0
112.54,expense,Groceries,17,2,0,2,137.22,0
6425.84,income,Salary,16,0,0,1,124.11,0
92.18,expense,Entertainment,12,0,0,2,189.99,0
55.47,expense,Entertainment,14,5,1,1,10.58,0
4661.14,income,Salary,10,0,0,3,129.59,0
96.11,expense,Entertainment,23,2,0,0,156.98,0
23.78,expense,Transfer,19,3,0,2,163.86,0
58.34,expense,Groceries,12,4,0,0,119.32,0
135.38,expense,Groceries,11,5,1,2,172.38,0
154.77,expense,Groceries,15,0,0,2,149.13,0
159.93,expense,Groceries,18,3,0,2,38.34,0
67.365,expense,Entertainment,15,6,1,2,107.55,0
221.21,expense,Groceries,16,1,0,2,145.49,0
40.57,expense,Other,14,3,0,1,35.47,0
55.65,expense,Entertainment,15,1,0,0,97.49,0
135.12,expense,Groceries,19,5,1,0,70.77,0
33.405,expense,Entertainment,0,5,1,3,34.91,0
260.69,expense,Transfer,20,0,0,0,29.01,0
5178.15,income,Salary,15,1,0,1,173.36,0
241.96,expense,Groceries,11,5,1,1,6.26,0
129.83,expense,Groceries,10,5,1,1,190.37,0
52.82,expense,Other,18,4,0,3,148.9,0
163.71,expense,Entertainment,23,6,1,3,148.46,0
1842.33,expense,Rent,13,4,0,2,2.78,0
4788.45,income,Salary,13,1,0,0,71.71,0
160.93,expense,Transfer,13,3,0,2,159.93,0
20.98,expense,Entertainment,23,3,0,3,140.17,0
28.31,expense,Other,21,0,0,2,43.02,0
140.1,expense,Groceries,19,3,0,1,172.53,0
171.37,expense,Groceries,10,1,0,0,5.86,0
123.24,expense,Groceries,16,6,1,1,58.21,0
57.84,expense,Groceries,14,6,1,0,112.39,0
384.53,income,Transfer,13,1,0,3,72.1,0
28.9,expense,Entertainment,21,2,0,2,156.27,0
208.24,expense,Groceries,8,0,0,0,15.71,0
34.91,expense,Other,20,4,0,2,111.54,0
196.64,expense,Groceries,18,3,0,0,21.26,0
266.99,income,Transfer,19,3,0,1,153.64,0
49.81,expense,Transfer,9,4,0,0,26.67,0
91.66,expense,Other,14,5,1,2,136.35,0
109.22999999999999,expense,Entertainment,16,5,1,0,195.52,0
241.05,expense,Groceries,15,1,0,2,19.15,0
53.47,expense,Entertainment,19,4,0,1,8.24,0
249.6,expense,Groceries,14,4,0,2,33.67,0
63.59,expense,Other,8,6,1,3,141.15,0
59.02,expense,Other,15,5,1,2,185.98,0
144.39,expense,Groceries,18,4,0,3,74.53,0
23.18,expense,Other,10,0,0,0,52.29,0
89.43,expense,Other,19,3,0,2,199.22,0
62.22,expense,Entertainment,19,2,0,1,132.69,0
13.32,expense,Entertainment,21,1,0,3,158.23,0
76.28,expense,Other,12,0,0,3,114.22,0
19.33,expense,Entertainment,18,0,0,2,99.38,0
273.5,expense,Transfer,20,5,1,3,112.74,0
48.56,expense,Entertainment,18,2,0,2,17.07,0
228.8,expense,Groceries,10,5,1,1,136.03,0
290.68,expense,Transfer,19,6,1,1,115.59,0
98.07,expense,Entertainment,22,5,1,0,34.44,0
219.61,expense,Groceries,19,0,0,0,106.53,0
77.81,expense,Groceries,8,1,0,1,170.38,0
140.97,expense,Groceries,17,1,0,1,143.54,0
36.86,expense,Groceries,8,3,0,3,13.15,0
218.94,expense,Transfer,13,5,1,3,165.22,0
129.97,expense,Groceries,16,5,1,1,37.75,0
224.29,expense,Groceries,18,2,0,1,21.5,0
221.27,income,Transfer,18,0,0,0,77.61,0
419.85,expense,Transfer,8,0,0,1,13.5,0
230.01,expense,Groceries,14,4,0,0,173.74,0
1264.93,expense,Rent,13,3,0,0,80.03,0
196.06,expense,Groceries,17,1,0,3,2.31,0
94.19,expense,Other,16,4,0,2,158.83,0
3821.63,income,Salary,16,3,0,3,77.55,0
289.85,expense,Transfer,10,3,0,3,2.81,0
154.94,expense,Groceries,17,3,0,2,77.4,0
114.375,expense,Entertainment,18,5,1,2,68.26,0
113.91,expense,Entertainment,2,3,0,0,96.44,0
2005.12,expense,Rent,10,0,0,1,99.2,0
28.619999999999997,expense,Entertainment,19,5,1,0,132.35,0
162.93,income,Transfer,17,0,0,3,168.02,0
7097.79,income,Salary,15,2,0,0,122.69,0
66.43,expense,Entertainment,12,4,0,0,102.92,0
101.43,expense,Groceries,14,5,1,2,141.26,0
102.15,expense,Other,20,6,1,0,5.82,0
94.32,expense,Groceries,13,2,0,0,59.18,0
20.73,expense,Other,9,3,0,2,141.29,0
2411.84,expense,Rent,12,2,0,2,92.08,0
116.09,expense,Groceries,13,2,0,0,144.42,0
235.01,expense,Groceries,11,1,0,1,182.86,0
5045.46,income,Salary,16,0,0,1,132.4,0
27.63,expense,Other,19,2,0,2,175.43,0
211.92000000000002,expense,Entertainment,1,5,1,3,29.12,0
200.37,income,Transfer,19,5,1,2,121.91,0
183.24,expense,Groceries,9,5,1,2,49.1,0
240.33,income,Transfer,19,6,1,0,19.16,0
2172.97,expense,Rent,14,2,0,0,73.88,0
56.21,income,Transfer,8,5,1,1,34.65,0
79.16,expense,Groceries,19,6,1,2,124.9,0
101.86,expense,Other,22,0,0,0,8.25,0
250.72,income,Transfer,16,5,1,2,3.26,0
48.75,expense,Groceries,21,3,0,3,110.37,0
38.72,expense,Groceries,19,3,0,3,176.59,0
55.88,expense,Entertainment,15,3,0,1,140.58,0
5447.9,income,Salary,10,1,0,1,77.14,0
83.88,expense,Groceries,16,2,0,0,88.09,0
206.09,expense,Groceries,10,2,0,3,87.6,0
121.69,expense,Groceries,8,6,1,2,181.03,0
105.13,expense,Groceries,19,1,0,0,123.08,0
114.73,expense,Groceries,9,6,1,0,65.78,0
110.9,expense,Other,14,3,0,3,181.94,0
63.71,expense,Groceries,19,3,0,1,158.76,0
6986.66,income,Salary,10,4,0,3,130.79,0
61.11,expense,Groceries,11,2,0,0,60.07,0
243.52,expense,Groceries,20,6,1,0,149.92,0
38.19,expense,Groceries,15,4,0,2,42.52,0
62.34,expense,Other,9,4,0,2,88.38,0
95.57,expense,Entertainment,19,1,0,0,2.59,0
104.48,expense,Entertainment,15,3,0,1,137.26,0
393.49,income,Transfer,9,1,0,1,15.48,0
210.17,expense,Groceries,13,1,0,3,100.5,0
55.01,expense,Groceries,9,4,0,2,22.49,0
29.4,expense,Groceries,18,5,1,1,167.64,0
157.73,expense,Groceries,9,4,0,1,38.1,0
7179.36,income,Salary,16,2,0,0,41.6,0
93.61,expense,Groceries,19,1,0,0,191.71,0
61.94,income,Transfer,11,2,0,1,126.85,0
205.23,expense,Groceries,13,5,1,1,22.8,0
75.27,expense,Entertainment,19,1,0,0,8.97,0
19.95,expense,Groceries,14,6,1,0,180.54,0
7690.11,income,Salary,10,2,0,1,58.83,0
5141.15,income,Salary,9,2,0,1,116.18,0
91.73,expense,Entertainment,17,2,0,3,153.03,0
375.55,income,Transfer,16,2,0,0,11.96,0
4269.56,income,Salary,10,1,0,0,120.8,0
332.25,income,Transfer,16,0,0,1,175.37,0
192.88,expense,Groceries,9,5,1,3,39.3,0
1678.94,expense,Rent,14,0,0,0,87.59,0
324.52,income,Transfer,8,4,0,3,38.06,0
147.68,expense,Entertainment,22,3,0,1,170.94,0
167.24,expense,Groceries,12,3,0,0,27.28,0
28.43,expense,Groceries,20,5,1,0,38.63,0
409.73,expense,Transfer,20,1,0,2,103.28,0
271.08,expense,Transfer,16,2,0,1,191.64,0
195.76,expense,Groceries,15,5,1,1,23.0,0
1528.39,expense,Rent,14,3,0,3,82.55,0
196.89,expense,Entertainment,22,6,1,3,127.45,0
397.93,income,Transfer,19,5,1,2,166.51,0
122.72999999999999,expense,Entertainment,20,5,1,1,176.92,0
3167.15,income,Salary,17,1,0,2,76.91,0
88.14,expense,Other,13,2,0,1,95.99,0
35.92,expense,Other,17,1,0,0,61.04,0
246.81,expense,Groceries,10,5,1,0,105.36,0
71.68,expense,Entertainment,20,3,0,2,189.69,0
10.92,expense,Other,20,2,0,2,158.38,0
50.1,expense,Groceries,18,3,0,2,68.1,0
199.41,expense,Groceries,19,6,1,2,117.19,0
61.12,expense,Groceries,13,2,0,1,49.54,0
49.66,expense,Other,18,5,1,0,159.89,0
168.56,expense,Groceries,21,3,0,2,117.35,0
1631.75,expense,Rent,10,6,1,0,144.33,0
56.17,expense,Groceries,8,5,1,3,169.66,0
143.74,expense,Entertainment,23,2,0,1,47.84,0
127.5,expense,Entertainment,23,5,1,3,52.39,0
62.63,expense,Groceries,15,3,0,1,68.73,0
45.23,expense,Groceries,19,4,0,3,94.98,0
118.09,expense,Groceries,10,2,0,0,54.95,0
5405.09,income,Salary,16,4,0,3,189.69,0
17.25,expense,Groceries,8,6,1,2,155.13,0
124.73,income,Transfer,13,5,1,0,80.39,0
1259.19,expense,Rent,13,3,0,2,49.58,0
14.39,expense,Entertainment,20,3,0,3,140.55,0
23.44,expense,Entertainment,23,0,0,1,180.74,0
16.02,expense,Groceries,14,3,0,2,16.05,0
2329.58,expense,Rent,11,2,0,2,62.15,0
24.75,expense,Groceries,16,3,0,2,154.59,0
79.39,expense,Entertainment,19,1,0,2,44.4,0
19.39,expense,Entertainment,15,4,0,0,57.37,0
7925.29,income,Salary,13,2,0,3,62.85,0
5318.92,expense,Entertainment,2,4,0,2,83.17,1
2.13,expense,Other,23,4,0,13,31.52,1
4910.15,expense,Transfer,2,0,0,2,91.62,1
3.16,expense,Other,22,3,0,10,45.78,1
9163.96,expense,Transfer,1,1,0,0,89.0,1
4820.84,expense,Entertainment,5,3,0,0,28.02,1
4251.45,expense,Transfer,3,2,0,0,76.64,1
9768.42,expense,Transfer,2,0,0,2,41.85,1
5116.27,expense,Entertainment,3,0,0,2,81.49,1
3952.01,expense,Entertainment,2,3,0,0,26.79,1
1.05,expense,Other,18,1,0,12,31.02,1
9818.42,expense,Other,15,3,0,0,30.79,1
3.31,expense,Other,7,5,1,15,42.43,1
2.69,expense,Other,13,5,1,9,37.46,1
4647.09,expense,Transfer,4,0,0,1,57.52,1
9287.52,expense,Entertainment,13,1,0,1,4.91,1
2537.76,expense,Entertainment,5,4,0,1,81.24,1
4030.39,expense,Entertainment,3,1,0,2,57.69,1
4049.15,expense,Entertainment,3,4,0,1,19.9,1
2.33,expense,Other,8,2,0,14,34.14,1
10654.83,expense,Groceries,18,4,0,2,5.28,1
6646.61,expense,Transfer,3,0,0,2,28.37,1
4571.56,expense,Entertainment,2,3,0,1,12.29,1
3627.24,expense,Entertainment,4,2,0,2,2.73,1
5666.69,expense,Entertainment,3,1,0,0,86.11,1
12585.61,expense,Other,13,0,0,1,96.27,1
11436.05,expense,Groceries,10,5,1,2,38.18,1
14021.24,expense,Other,10,2,0,0,95.34,1
8957.16,expense,Groceries,13,0,0,1,17.33,1
2.81,expense,Other,15,3,0,9,25.31,1
2.38,expense,Other,10,3,0,11,26.3,1
2.92,expense,Other,4,5,1,13,22.06,1
8999.82,expense,Other,12,3,0,1,3.78,1
5962.14,expense,Entertainment,5,3,0,1,59.14,1
4481.13,expense,Entertainment,3,4,0,2,63.01,1
12083.02,expense,Groceries,11,4,0,2,6.35,1
8838.78,expense,Transfer,4,4,0,2,56.19,1
9077.55,expense,Transfer,1,2,0,0,95.53,1
9774.2,expense,Groceries,13,5,1,1,3.1,1
3755.65,expense,Entertainment,3,0,0,1,28.43,1
